{"trainDataTime": 1.8258278369903564, "trainTime": 88.36209797859192, "timePerEpoch": 8.836209797859192, "testDataTime": 0.9159789085388184, "predictTime": 0.26511120796203613}